﻿{
	"colorRampFormula":
	{
		"name": "Visible Wavelengths",
		"colorModel": "RGB",
		"components":
		[
			"pow (interpolate ([ [ 380, 1.0 ], [ 440, 0.0 ], [ 490, 0.0 ], [ 510, 0.0 ], [ 580, 1.0 ], [ 645, 1.0 ], [ 780, 1.0 ] ], lerp (380, 780, x)) * interpolate ([ [ 380, 0.3 ], [ 420, 1.0 ], [ 700, 1.0 ], [ 780, 0.3 ] ], lerp (380, 780, x)), 0.8)",
			"pow (interpolate ([ [ 380, 0.0 ], [ 440, 0.0 ], [ 490, 1.0 ], [ 510, 1.0 ], [ 580, 1.0 ], [ 645, 0.0 ], [ 780, 0.0 ] ], lerp (380, 780, x)) * interpolate ([ [ 380, 0.3 ], [ 420, 1.0 ], [ 700, 1.0 ], [ 780, 0.3 ] ], lerp (380, 780, x)), 0.8)",
			"pow (interpolate ([ [ 380, 1.0 ], [ 440, 1.0 ], [ 490, 1.0 ], [ 510, 0.0 ], [ 580, 0.0 ], [ 645, 0.0 ], [ 780, 0.0 ] ], lerp (380, 780, x)) * interpolate ([ [ 380, 0.3 ], [ 420, 1.0 ], [ 700, 1.0 ], [ 780, 0.3 ] ], lerp (380, 780, x)), 0.8)"
		],
		"floatRange": true
	}
}